Time Index,Time,C1
1,0,62.9082159760116468
2,0.5,62.9082159760119808
