Time Index,Time,C1
1,2,62.9082159760129969
2,2.5,62.9082159760133237
