Time Index,Time,C1
1,1.5,62.9082159760126629
2,2,62.9082159760129969
