Time Index,Time,C1
1,4.5,62.9082159760145743
2,5,62.9082159760148656
