Time Index,Time,C1
1,3,62.9082159760136719
2,3.5,62.9082159760139632
