Time Index,Time,C1
1,5,62.9082159760148656
2,5.5,62.908215976015164
