Time Index,Time,C1
1,3.5,62.9082159760139632
2,4,62.9082159760142687
