Time Index,Time,C1
1,5.5,62.908215976015164
2,6,62.9082159760154411
