Time Index,Time,C1
1,2.5,62.9082159760133237
2,3,62.9082159760136719
