Time Index,Time,C1
1,1,62.908215976012329
2,1.5,62.9082159760126629
