Time Index,Time,C1
1,0.5,62.9082159760119808
2,1,62.908215976012329
