Time Index,Time,C1
1,4,62.9082159760142687
2,4.5,62.9082159760145743
