Time Index,Time,C1
1,6,62.9082159760154411
2,6.5,62.9082159760157325
